use Automobile;
delete from brand;
delete from customer;
delete from dealer;
delete from manufacturing_plant;
delete from model;
delete from options;
delete from sold;
delete from supplier;
delete from supply;
delete from vehicle;

insert into brand values ('10000', 'Audi');
insert into brand values ('10001', 'BMW');
insert into brand values ('10002', 'FORD');
insert into brand values ('10003', 'Porsche');
insert into brand values ('10004', 'Tesla');
insert into brand values ('10005', 'Kia');
insert into brand values ('10006', 'Peugeot');
insert into brand values ('10007', 'Honda');
insert into brand values ('10008', 'Jaguar');
insert into brand values ('10009', 'Mazda');

insert into model values ('20000', '10000','SQ8 e-tron', 'SUV');
insert into model values ('20001', '10000','TT', 'Cabriolet');
insert into model values ('20002', '10000','S1', 'Hatchback');
insert into model values ('20003', '10001','V8', 'Sedan');
insert into model values ('20004', '10001','PB18', 'Coupe');
insert into model values ('20005', '10001','M8', 'Coupe');
insert into model values ('20006', '10002','8 Series', 'Coupe');
insert into model values ('20007', '10002','XM', 'SUV');
insert into model values ('20008', '10002','Z3', 'Cabriolet');
insert into model values ('20009', '10003','X4', 'SAC');
insert into model values ('20010', '10003','Thunderbird', 'Cabriolet');
insert into model values ('20011', '10003','Puma', 'Coupe');
insert into model values ('20012', '10004','Explorer', 'SUV');
insert into model values ('20013', '10004','Escape', 'SUV');
insert into model values ('20014', '10004','Focus', 'Station wagon');
insert into model values ('20015', '10005','718', 'Cabriolet');
insert into model values ('20016', '10005','911', 'Coupe');
insert into model values ('20017', '10005','917', 'SUV');
insert into model values ('20018', '10006','Cayenne', 'SUV');
insert into model values ('20019', '10006','Cayman', 'Coupe');
insert into model values ('20020', '10006','718', 'Cabriolet');
insert into model values ('20021', '10007','911', 'Coupe');
insert into model values ('20022', '10007','917', 'SUV');
insert into model values ('20023', '10007','Cayenne', 'SUV');
insert into model values ('20024', '10008','Cayman', 'Coupe');
insert into model values ('20025', '10008','E-Type', 'Cabriolet');
insert into model values ('20026', '10008','S-Type', 'SUV');
insert into model values ('20027', '10009','MX-5', 'Coupe');	
insert into model values ('20028', '10009','CX-50', 'SUV');	
insert into model values ('20029', '10009','CX-30', 'SUV');	

insert into options values('30000', 'Amplify Orange', 'Thermal', 'Automatic');
insert into options values('30001', 'Stryker Red', 'Electrical', 'Automatic');
insert into options values('30002', 'Forged Green', 'Combustion', 'Manual');
insert into options values('30003', 'Diffused Sky Blue', 'Twin-Turbo', 'Automatic');
insert into options values('30004', 'Digital Teal', 'Hybrid', 'CVT');
insert into options values('30005', 'Earl Gray', 'Electrical', 'Semi-automatic');

insert into dealer values ('10101', 'Srinivasan');
insert into dealer values ('12121', 'Wu');
insert into dealer values ('15151', 'Mozart');
insert into dealer values ('22222', 'Einstein');
insert into dealer values ('32343', 'El Said');
insert into dealer values ('33456', 'Gold');
insert into dealer values ('45565', 'Katz');
insert into dealer values ('58583', 'Califieri');
insert into dealer values ('76543', 'Singh');
insert into dealer values ('76766', 'Crick');
insert into dealer values ('83821', 'Brandt');
insert into dealer values ('98345', 'Kim');

insert into customer values ('12345', 'Shankar', 'Nottingham', '3210000', 'F', '90000');
insert into customer values ('19991', 'Brandt', 'New York', '8010003', 'F', '90000');
insert into customer values ('23121', 'Chavez', 'Toronto', '1110001', 'M', '90000');
insert into customer values ('44553', 'Peltier', 'Los Angeles', '5610004', 'F', '120000');
insert into customer values ('45678', 'Levy', 'Montreal', '4610001', 'F', '90000');
insert into customer values ('54321', 'Williams', 'Havana', '5410009', 'M', '90000');
insert into customer values ('55739', 'Sanchez', 'Philadelphia', '3810010', 'F', '90000');
insert into customer values ('70557', 'Snow', 'Chicago', '0100122', 'F', '70000');
insert into customer values ('76543', 'Brown', 'Guatemala City', '5810002', 'F', '200000');
insert into customer values ('76653', 'Aoi', 'Havana', '6010003', 'M', '40000');
insert into customer values ('98765', 'Bourikas', 'Nottingham', '9810010', 'F', '190000');
insert into customer values ('98988', 'Tanaka', 'Beijing', '1201000', 'M', '20000');

insert into supplier values('50000', 'Ketai Industries', 'door');
insert into supplier values('50001', 'Zhengde Auto Parts', 'seat');
insert into supplier values('50002', 'Fronte Motor Parts', 'engine');
insert into supplier values('50003', 'Getrag', 'transmission');
insert into supplier values('50004', 'Allied Auto Stores', 'chassis');
insert into supplier values('50005', 'Central Parts Perth', 'engine');
insert into supplier values('50006', 'Kei Industries', 'battery');
insert into supplier values('50007', 'Wiki Industries', 'transmission');
insert into supplier values('50008', 'IILi Industries', 'door');
insert into supplier values('50009', 'PLK Industries', 'seat');

insert into supply values('50000', '20000');
insert into supply values('50001', '20001');
insert into supply values('50002', '20002');
insert into supply values('50003', '20003');
insert into supply values('50004', '20004');
insert into supply values('50005', '20005');
insert into supply values('50006', '20006');
insert into supply values('50007', '20007');
insert into supply values('50008', '20008');
insert into supply values('50009', '20009');
insert into supply values ('50007', '20010');
insert into supply values ('50007','20011');
insert into supply values ('50001','20012');
insert into supply values ('50000','20013');
insert into supply values ('50002','20014');
insert into supply values ('50003','20015');
insert into supply values ('50004','20016');
insert into supply values ('50005','20017');
insert into supply values ('50006','20018');
insert into supply values ('50001','20019');
insert into supply values ('50002','20020');
insert into supply values ('50003','20021');
insert into supply values ('50004','20022');
insert into supply values ('50005','20023');
insert into supply values ('50007','20024');


insert into manufacturing_plant values ('80000', 'Pothos', 'door', 0);
insert into manufacturing_plant values ('80001', 'Mint', 'seat', 0);
insert into manufacturing_plant values ('80002', 'Cacti', 'engine', 0);
insert into manufacturing_plant values ('80003', 'Bromeliads', NULL, 1);
insert into manufacturing_plant values ('80004', 'Daffodil', NULL, 1);
insert into manufacturing_plant values ('80005', 'Mayflower', NULL, 1);
insert into manufacturing_plant values ('80006', 'Laurel', NULL, 1);
insert into manufacturing_plant values ('80007', 'Rosa', NULL, 1);
insert into manufacturing_plant values ('80008', 'Plant1', NULL, 1);
insert into manufacturing_plant values ('80009', 'Plant2', 'engine', 0);
insert into manufacturing_plant values ('80010', 'Plant3', NULL, 1);

insert into vehicle values('WAUYGAFC6CN174200', '20000', '30000', '80000', '10101', '80020', '2020-01-11');
insert into vehicle values('1P3XP48K6LN273071', '20001', '30000', '80001', '12121', '80020', '2019-02-11');
insert into vehicle values('WBAFR9C59BC270614', '20002', '30000', '80002', '15151', '80020', '2011-01-11');
insert into vehicle values('WBAAM3333XFP59732', '20003', '30001', '80003', '22222', '80020', '2012-01-11');
insert into vehicle values('5N3ZA0NE6AN906847', '20004', '30003', '80004', '32343', '180020', '2020-01-11');
insert into vehicle values('JH4DA1850JS005062', '20005', '30004', '80005', '33456', '28020', '2019-01-11');
insert into vehicle values('1FVXA7AS24LM58815', '20006', '30005', '80006', '45565', '30020', '2020-02-21');
insert into vehicle values('1GCCS1956Y8235348', '20007', '30002', '80007', '45565', '900020', '2020-04-01');
insert into vehicle values('JH4DA3350GS005185', '20008', '30000', '80008', '45565', '40020', '2020-05-05');
insert into vehicle values('JTDBE30K620061417', '20009', '30005', '80009', '76766', '50020', '2020-01-12');
insert into vehicle values('JH4DA9481PS021682', '20010', '30002', '80010', '98345', '60020', '2019-01-13');
insert into vehicle values('JH4KA4576KC031014', '20011', '30002', '80002', '98345', '18020', '2018-01-14');
insert into vehicle values('1G8MF35X68Y131819', '20012', '30002', '80003', '15151', '28020', '2020-01-15');
insert into vehicle values('YS3ED48E5Y3070016', '20013', '30002', '80004', '15151', '380020', '2020-01-21');
insert into vehicle values('JH4KA4531KC033525', '20014', '30002', '80005', '98345', '12020', '2020-01-31');
insert into vehicle values('1G8AY12P84Z202013', '20015', '30002', '80006', '10101', '12020', '2011-01-21');
insert into vehicle values('JH4KA4630LC007479', '20016', '30002', '80005', '10101', '72020', '2012-01-31');
insert into vehicle values('JH4DC2380SS000012', '20016', '30002', '80004', '22222', '72020', '2013-01-01');
insert into vehicle values('1GNDT13S582215117', '20017', '30002', '80003', '45565', '72020', '2011-01-21');
insert into vehicle values('1HD1GPM15CC339172', '20018', '30002', '80001', '10101', '72020', '2020-05-11');
insert into vehicle values('1GCEK14K8RE106083', '20019', '30002', '80002', '76766', '72020', '2020-06-11');
insert into vehicle values('1G1ZT51806F128009', '20020', '30002', '80000', '10101', '72020', '2019-07-11');
insert into vehicle values('2B3HD46R02H210893', '20021', '30002', '80001', '33456', '71020', '2020-09-11');
insert into vehicle values('1G8ZG127XWZ157259', '20022', '30002', '80002', '10101', '78020', '2011-11-11');
insert into vehicle values('1FVHCYDJ85HV14123', '20023', '30002', '80007', '22222', '22020', '2020-12-11');
insert into vehicle values('1G4CU5312N1625421', '20024', '30002', '80006', '98345', '32020', '2012-10-11');
insert into vehicle values('3FAFP13P41R199033', '20024', '30003', '80002', '98345', '52020', '2020-04-11');
insert into vehicle values('YS3AK35E4M5002999', '20025', '30004', '80001', '10101', '62020', '2013-05-11');
insert into vehicle values('SAJWA0ES6DPS56028', '20026', '30005', '80000', '98345', '32020', '2010-06-11');
insert into vehicle values('1FAFP66L0WK258659', '20027', '30000', '80003', '10101', '22020', '2020-07-11');
insert into vehicle values('JH4KA4650JC000403', '20028', '30001', '80004', '10101', '12020', '2018-08-11');
insert into vehicle values('1FVABPAL91HH92692', '20029', '30002', '80005', '10101', '102020', '2012-11-11');
insert into vehicle values('WP0AA29966S716557', '20023', '30003', '80001', '33456', '103020', '2015-11-11');
insert into vehicle values('3G4AG55M8RS622999', '20021', '30002', '80002', '98345', '103020', '2016-08-11');
insert into vehicle values('LM4AC113061105688', '20020', '30001', '80003', '10101', '203020', '2017-10-21');
insert into vehicle values('1B4GP25R51B138763', '20019', '30000', '80004', '22222', '303020', '2018-12-18');
insert into vehicle values('1N4AB41D7VC757660', '20018', '30001', '80005', '33456', '105020', '2019-01-10');
insert into vehicle values('WAUDFAFL6DN014563', '20011', '30003', '80002', '10101', '200020', '2019-12-10');


insert into sold values('WAUYGAFC6CN174200', '12345', '2021-04-25');
insert into sold values('1P3XP48K6LN273071', '19991', '2022-04-02');
insert into sold values('WBAFR9C59BC270614', '44553', '2021-09-15');
insert into sold values('WBAAM3333XFP59732', '45678', '2022-10-11');
insert into sold values('5N3ZA0NE6AN906847', '54321', '2022-11-23');
insert into sold values('JH4DA1850JS005062', '70557', '2022-12-24');
insert into sold values('1FVXA7AS24LM58815', '76653', '2022-02-15');
insert into sold values('1GCCS1956Y8235348', '98765', '2022-01-05');
insert into sold values('JH4DA3350GS005185', '98988', '2022-05-15');
insert into sold values('JTDBE30K620061417', '23121', '2022-04-25');
insert into sold values('JH4DA9481PS021682', '55739', '2021-01-10');
insert into sold values('JH4KA4576KC031014', '55739', '2021-01-10');
insert into sold values('1G8MF35X68Y131819', '70557', '2021-01-09');
insert into sold values('YS3ED48E5Y3070016', '55739', '2021-01-01');
insert into sold values('JH4KA4531KC033525', '70557', '2023-01-02');
insert into sold values('1G8AY12P84Z202013', '76653', '2023-01-03');
insert into sold values('JH4KA4630LC007479', '12345', '2023-01-05');
insert into sold values('JH4DC2380SS000012', '98988', '2022-04-05');
insert into sold values('1GNDT13S582215117', '98988', '2022-03-05');
insert into sold values('1HD1GPM15CC339172', '12345', '2022-02-05');
insert into sold values('1GCEK14K8RE106083', '12345', '2022-07-15');
insert into sold values('1G1ZT51806F128009', '76653', '2022-11-25');
insert into sold values('2B3HD46R02H210893', '12345', '2022-11-05');
insert into sold values('1G8ZG127XWZ157259', '76653', '2023-01-11');
insert into sold values('1FVHCYDJ85HV14123', '70557', '2023-01-12');
insert into sold values('1G4CU5312N1625421', '70557', '2023-01-03');
insert into sold values('3FAFP13P41R199033', '54321', '2023-01-03');
insert into sold values('YS3AK35E4M5002999', '76543', '2023-01-03');
insert into sold values('SAJWA0ES6DPS56028', '98988', '2023-01-03');
insert into sold values('JH4KA4650JC000403', '54321', '2023-01-03');
insert into sold values('1FAFP66L0WK258659', '70557', '2023-01-03');
insert into sold values('1FVABPAL91HH92692', '98988', '2023-01-03');

update model
set body_style = 'Convertible'
where body_style = 'Cabriolet';